-- phpMyAdmin SQL Dump
-- version 5.1.1
-- https://www.phpmyadmin.net/
--
-- Host: 127.0.0.1
-- Generation Time: Oct 26, 2021 at 04:10 AM
-- Server version: 10.4.21-MariaDB
-- PHP Version: 7.3.31

SET SQL_MODE = "NO_AUTO_VALUE_ON_ZERO";
START TRANSACTION;
SET time_zone = "+00:00";


/*!40101 SET @OLD_CHARACTER_SET_CLIENT=@@CHARACTER_SET_CLIENT */;
/*!40101 SET @OLD_CHARACTER_SET_RESULTS=@@CHARACTER_SET_RESULTS */;
/*!40101 SET @OLD_COLLATION_CONNECTION=@@COLLATION_CONNECTION */;
/*!40101 SET NAMES utf8mb4 */;

--
-- Database: `tintuc123`
--

-- --------------------------------------------------------

--
-- Table structure for table `admins`
--

CREATE TABLE `admins` (
  `id` int(10) NOT NULL,
  `datetime` varchar(50) NOT NULL,
  `username` varchar(100) NOT NULL,
  `password` varchar(100) NOT NULL,
  `added_by` varchar(100) NOT NULL
) ENGINE=InnoDB DEFAULT CHARSET=utf8;

--
-- Dumping data for table `admins`
--

INSERT INTO `admins` (`id`, `datetime`, `username`, `password`, `added_by`) VALUES
(1, 'Sep-12-2018 22:34:36', 'admin', 'admin', 'admin');

-- --------------------------------------------------------

--
-- Table structure for table `category`
--

CREATE TABLE `category` (
  `category` varchar(100) CHARACTER SET utf8 NOT NULL,
  `datetime` varchar(50) NOT NULL,
  `author` varchar(100) NOT NULL
) ENGINE=InnoDB DEFAULT CHARSET=latin1;

--
-- Dumping data for table `category`
--

INSERT INTO `category` (`category`, `datetime`, `author`) VALUES
('Business', '2018-09-08 12:18:05', 'admin'),
('Health', '2018-09-08 12:18:05', 'admin'),
('Politics', '2018-09-08 12:18:05', 'admin'),
('Science', '2018-09-08 12:18:05', 'admin'),
('Sport', '2018-09-08 12:18:05', 'admin'),
('Technology', '2018-09-08 12:18:05', 'admin'),
('World', '2018-09-08 12:18:05', 'admin');

-- --------------------------------------------------------

--
-- Table structure for table `comments`
--

CREATE TABLE `comments` (
  `id` int(10) NOT NULL,
  `datetime` varchar(50) NOT NULL,
  `name` varchar(100) NOT NULL,
  `email` varchar(100) NOT NULL,
  `comment` varchar(500) NOT NULL,
  `approvedBy` varchar(100) NOT NULL,
  `status` varchar(5) NOT NULL,
  `postID` int(10) NOT NULL
) ENGINE=InnoDB DEFAULT CHARSET=utf8;

--
-- Dumping data for table `comments`
--

INSERT INTO `comments` (`id`, `datetime`, `name`, `email`, `comment`, `approvedBy`, `status`, `postID`) VALUES
(1, 'Sep-15-2018 17:53:32', 'ali', 'a@a.com', 'Ne errem officiis duo. Usu virtute atomorum ad, viris veniam tamquam eos ex.', 'Hassan', 'off', 10),
(2, 'Sep-15-2018 17:57:16', 'ahmad', 'ahmad@a.com', 'Ne errem officiis duo. Usu virtute atomorum ad, viris veniam tamquam eos ex.', 'Hassan', 'off', 10),
(3, 'Sep-15-2018 17:57:35', 'zzzzz', 'z@z.com', 'Ne errem officiis duo. Usu virtute atomorum ad, viris veniam tamquam eos ex.\r\n                        ', 'Hassan', 'on', 10);

-- --------------------------------------------------------

--
-- Table structure for table `posts`
--

CREATE TABLE `posts` (
  `id` int(10) NOT NULL,
  `title` varchar(50) NOT NULL,
  `datetime` varchar(50) NOT NULL,
  `category` varchar(100) NOT NULL,
  `author` varchar(100) NOT NULL,
  `image` varchar(200) NOT NULL,
  `post` varchar(10000) NOT NULL
) ENGINE=InnoDB DEFAULT CHARSET=utf8;

--
-- Dumping data for table `posts`
--

INSERT INTO `posts` (`id`, `title`, `datetime`, `category`, `author`, `image`, `post`) VALUES
(1, 'post1', 'Sep-15-2018 17:22:00', 'Technology', 'Hassan', 'datacenter_thumb_800x450_002.jpg', 'Lorem ipsum dolor sit amet, invenire rationibus mnesarchum no usu, ea quod vero mediocrem usu. Liber mucius dictas sed ei, ne has audire lobortis, pro ad sale nullam. Quod argumentum est ut, nulla nostro imperdiet vis ea. Te enim inani mediocritatem mea, ut sea assentior consectetuer signiferumque.Ex vel ubique fastidii reformidans, nam tale corrumpit quaerendum ad. Ei mea rebum commodo equidem, debitis albucius dignissim eu per. Justo harum sensibus id vel. Sea quando perpetua ea. Iusto homero insolens qui ad.Iuvaret invidunt suscipiantur ex his, eum id iusto fabulas persequeris, has no ignota mandamus. Vel evertitur gloriatur ad, quaeque alienum persequeris nec ad. Iriure singulis has ut. No aliquam consulatu mei, an vix dicat equidem facilisi. Primis dolorem cum no, ei mutat munere eos, aeterno appetere sit ea.Consul causae aeterno sit ex, ut mea tollit animal. Summo virtute deseruisse an sit, pro reque periculis temporibus ne. In recusabo mnesarchum instructior eam, duo nemore efficiantur in, magna offendit an vis. Nibh melius ceteros vim in. Tempor tacimates necessitatibus sit ne.Ne errem officiis duo. Usu virtute atomorum ad, viris veniam tamquam eos ex. Vivendum verterem ei sit, agam possim accumsan est ea. Nec latine eripuit suavitate te, quidam accusam an vim, per aeque salutandi eu.'),
(2, 'Lorem ipsum dolor sit amet', 'Sep-15-2018 17:21:32', 'Technology', 'Hassan', 'datacenter_thumb_800x450_002.jpg', 'Lorem ipsum dolor sit amet, invenire rationibus mnesarchum no usu, ea quod vero mediocrem usu. Liber mucius dictas sed ei, ne has audire lobortis, pro ad sale nullam. Quod argumentum est ut, nulla nostro imperdiet vis ea. Te enim inani mediocritatem mea, ut sea assentior consectetuer signiferumque.Ex vel ubique fastidii reformidans, nam tale corrumpit quaerendum ad. Ei mea rebum commodo equidem, debitis albucius dignissim eu per. Justo harum sensibus id vel. Sea quando perpetua ea. Iusto homero insolens qui ad.Iuvaret invidunt suscipiantur ex his, eum id iusto fabulas persequeris, has no ignota mandamus. Vel evertitur gloriatur ad, quaeque alienum persequeris nec ad. Iriure singulis has ut. No aliquam consulatu mei, an vix dicat equidem facilisi. Primis dolorem cum no, ei mutat munere eos, aeterno appetere sit ea.Consul causae aeterno sit ex, ut mea tollit animal. Summo virtute deseruisse an sit, pro reque periculis temporibus ne. In recusabo mnesarchum instructior eam, duo nemore efficiantur in, magna offendit an vis. Nibh melius ceteros vim in. Tempor tacimates necessitatibus sit ne.Ne errem officiis duo. Usu virtute atomorum ad, viris veniam tamquam eos ex. Vivendum verterem ei sit, agam possim accumsan est ea. Nec latine eripuit suavitate te, quidam accusam an vim, per aeque salutandi eu.'),
(3, 'Lorem ipsum dolor sit amet', 'Sep-15-2018 17:22:24', 'Technology', 'Hassan', 'datacenter_thumb_800x450_002.jpg', 'Lorem ipsum dolor sit amet, invenire rationibus mnesarchum no usu, ea quod vero mediocrem usu. Liber mucius dictas sed ei, ne has audire lobortis, pro ad sale nullam. Quod argumentum est ut, nulla nostro imperdiet vis ea. Te enim inani mediocritatem mea, ut sea assentior consectetuer signiferumque.Ex vel ubique fastidii reformidans, nam tale corrumpit quaerendum ad. Ei mea rebum commodo equidem, debitis albucius dignissim eu per. Justo harum sensibus id vel. Sea quando perpetua ea. Iusto homero insolens qui ad.Iuvaret invidunt suscipiantur ex his, eum id iusto fabulas persequeris, has no ignota mandamus. Vel evertitur gloriatur ad, quaeque alienum persequeris nec ad. Iriure singulis has ut. No aliquam consulatu mei, an vix dicat equidem facilisi. Primis dolorem cum no, ei mutat munere eos, aeterno appetere sit ea.Consul causae aeterno sit ex, ut mea tollit animal. Summo virtute deseruisse an sit, pro reque periculis temporibus ne. In recusabo mnesarchum instructior eam, duo nemore efficiantur in, magna offendit an vis. Nibh melius ceteros vim in. Tempor tacimates necessitatibus sit ne.Ne errem officiis duo. Usu virtute atomorum ad, viris veniam tamquam eos ex. Vivendum verterem ei sit, agam possim accumsan est ea. Nec latine eripuit suavitate te, quidam accusam an vim, per aeque salutandi eu.'),
(4, 'Lorem ipsum dolor sit amet', 'Sep-15-2018 17:23:38', 'Politics', 'Hassan', 'politics.jpg', 'Lorem ipsum dolor sit amet, invenire rationibus mnesarchum no usu, ea quod vero mediocrem usu. Liber mucius dictas sed ei, ne has audire lobortis, pro ad sale nullam. Quod argumentum est ut, nulla nostro imperdiet vis ea. Te enim inani mediocritatem mea, ut sea assentior consectetuer signiferumque.Ex vel ubique fastidii reformidans, nam tale corrumpit quaerendum ad. Ei mea rebum commodo equidem, debitis albucius dignissim eu per. Justo harum sensibus id vel. Sea quando perpetua ea. Iusto homero insolens qui ad.Iuvaret invidunt suscipiantur ex his, eum id iusto fabulas persequeris, has no ignota mandamus. Vel evertitur gloriatur ad, quaeque alienum persequeris nec ad. Iriure singulis has ut. No aliquam consulatu mei, an vix dicat equidem facilisi. Primis dolorem cum no, ei mutat munere eos, aeterno appetere sit ea.Consul causae aeterno sit ex, ut mea tollit animal. Summo virtute deseruisse an sit, pro reque periculis temporibus ne. In recusabo mnesarchum instructior eam, duo nemore efficiantur in, magna offendit an vis. Nibh melius ceteros vim in. Tempor tacimates necessitatibus sit ne.Ne errem officiis duo. Usu virtute atomorum ad, viris veniam tamquam eos ex. Vivendum verterem ei sit, agam possim accumsan est ea. Nec latine eripuit suavitate te, quidam accusam an vim, per aeque salutandi eu.'),
(5, 'Lorem ipsum dolor sit amet', 'Sep-15-2018 17:24:14', 'Business', 'Hassan', 'goals-for-your-business_512861902.jpg', 'Lorem ipsum dolor sit amet, invenire rationibus mnesarchum no usu, ea quod vero mediocrem usu. Liber mucius dictas sed ei, ne has audire lobortis, pro ad sale nullam. Quod argumentum est ut, nulla nostro imperdiet vis ea. Te enim inani mediocritatem mea, ut sea assentior consectetuer signiferumque.Ex vel ubique fastidii reformidans, nam tale corrumpit quaerendum ad. Ei mea rebum commodo equidem, debitis albucius dignissim eu per. Justo harum sensibus id vel. Sea quando perpetua ea. Iusto homero insolens qui ad.Iuvaret invidunt suscipiantur ex his, eum id iusto fabulas persequeris, has no ignota mandamus. Vel evertitur gloriatur ad, quaeque alienum persequeris nec ad. Iriure singulis has ut. No aliquam consulatu mei, an vix dicat equidem facilisi. Primis dolorem cum no, ei mutat munere eos, aeterno appetere sit ea.Consul causae aeterno sit ex, ut mea tollit animal. Summo virtute deseruisse an sit, pro reque periculis temporibus ne. In recusabo mnesarchum instructior eam, duo nemore efficiantur in, magna offendit an vis. Nibh melius ceteros vim in. Tempor tacimates necessitatibus sit ne.Ne errem officiis duo. Usu virtute atomorum ad, viris veniam tamquam eos ex. Vivendum verterem ei sit, agam possim accumsan est ea. Nec latine eripuit suavitate te, quidam accusam an vim, per aeque salutandi eu.'),
(6, 'Lorem ipsum dolor sit amet', 'Sep-15-2018 17:25:02', 'Health', 'Hassan', '1528307634-health-science-mandatory-subject-5.jpg', 'Lorem ipsum dolor sit amet, invenire rationibus mnesarchum no usu, ea quod vero mediocrem usu. Liber mucius dictas sed ei, ne has audire lobortis, pro ad sale nullam. Quod argumentum est ut, nulla nostro imperdiet vis ea. Te enim inani mediocritatem mea, ut sea assentior consectetuer signiferumque.Ex vel ubique fastidii reformidans, nam tale corrumpit quaerendum ad. Ei mea rebum commodo equidem, debitis albucius dignissim eu per. Justo harum sensibus id vel. Sea quando perpetua ea. Iusto homero insolens qui ad.Iuvaret invidunt suscipiantur ex his, eum id iusto fabulas persequeris, has no ignota mandamus. Vel evertitur gloriatur ad, quaeque alienum persequeris nec ad. Iriure singulis has ut. No aliquam consulatu mei, an vix dicat equidem facilisi. Primis dolorem cum no, ei mutat munere eos, aeterno appetere sit ea.Consul causae aeterno sit ex, ut mea tollit animal. Summo virtute deseruisse an sit, pro reque periculis temporibus ne. In recusabo mnesarchum instructior eam, duo nemore efficiantur in, magna offendit an vis. Nibh melius ceteros vim in. Tempor tacimates necessitatibus sit ne.Ne errem officiis duo. Usu virtute atomorum ad, viris veniam tamquam eos ex. Vivendum verterem ei sit, agam possim accumsan est ea. Nec latine eripuit suavitate te, quidam accusam an vim, per aeque salutandi eu.'),
(7, 'Lorem ipsum dolor sit amet', 'Sep-15-2018 17:25:16', 'Sport', 'Hassan', 'bigstock-Four-Sports-a-lot-of-balls-an-50626115.jpg', 'Lorem ipsum dolor sit amet, invenire rationibus mnesarchum no usu, ea quod vero mediocrem usu. Liber mucius dictas sed ei, ne has audire lobortis, pro ad sale nullam. Quod argumentum est ut, nulla nostro imperdiet vis ea. Te enim inani mediocritatem mea, ut sea assentior consectetuer signiferumque.Ex vel ubique fastidii reformidans, nam tale corrumpit quaerendum ad. Ei mea rebum commodo equidem, debitis albucius dignissim eu per. Justo harum sensibus id vel. Sea quando perpetua ea. Iusto homero insolens qui ad.Iuvaret invidunt suscipiantur ex his, eum id iusto fabulas persequeris, has no ignota mandamus. Vel evertitur gloriatur ad, quaeque alienum persequeris nec ad. Iriure singulis has ut. No aliquam consulatu mei, an vix dicat equidem facilisi. Primis dolorem cum no, ei mutat munere eos, aeterno appetere sit ea.Consul causae aeterno sit ex, ut mea tollit animal. Summo virtute deseruisse an sit, pro reque periculis temporibus ne. In recusabo mnesarchum instructior eam, duo nemore efficiantur in, magna offendit an vis. Nibh melius ceteros vim in. Tempor tacimates necessitatibus sit ne.Ne errem officiis duo. Usu virtute atomorum ad, viris veniam tamquam eos ex. Vivendum verterem ei sit, agam possim accumsan est ea. Nec latine eripuit suavitate te, quidam accusam an vim, per aeque salutandi eu.'),
(8, 'Lorem ipsum dolor sit amet', 'Sep-15-2018 17:27:18', 'Science', 'Hassan', 'science-onward-journey_v3-1.png', 'Lorem ipsum dolor sit amet, invenire rationibus mnesarchum no usu, ea quod vero mediocrem usu. Liber mucius dictas sed ei, ne has audire lobortis, pro ad sale nullam. Quod argumentum est ut, nulla nostro imperdiet vis ea. Te enim inani mediocritatem mea, ut sea assentior consectetuer signiferumque.Ex vel ubique fastidii reformidans, nam tale corrumpit quaerendum ad. Ei mea rebum commodo equidem, debitis albucius dignissim eu per. Justo harum sensibus id vel. Sea quando perpetua ea. Iusto homero insolens qui ad.Iuvaret invidunt suscipiantur ex his, eum id iusto fabulas persequeris, has no ignota mandamus. Vel evertitur gloriatur ad, quaeque alienum persequeris nec ad. Iriure singulis has ut. No aliquam consulatu mei, an vix dicat equidem facilisi. Primis dolorem cum no, ei mutat munere eos, aeterno appetere sit ea.Consul causae aeterno sit ex, ut mea tollit animal. Summo virtute deseruisse an sit, pro reque periculis temporibus ne. In recusabo mnesarchum instructior eam, duo nemore efficiantur in, magna offendit an vis. Nibh melius ceteros vim in. Tempor tacimates necessitatibus sit ne.Ne errem officiis duo. Usu virtute atomorum ad, viris veniam tamquam eos ex. Vivendum verterem ei sit, agam possim accumsan est ea. Nec latine eripuit suavitate te, quidam accusam an vim, per aeque salutandi eu.'),
(9, 'Lorem ipsum dolor sit amet', 'Sep-15-2018 17:52:59', 'Politics', 'Hassan', 'politics.jpg', '                                                                                                                Lorem ipsum dolor sit amet, invenire rationibus mnesarchum no usu, ea quod vero mediocrem usu. Liber mucius dictas sed ei, ne has audire lobortis, pro ad sale nullam. Quod argumentum est ut, nulla nostro imperdiet vis ea. Te enim inani mediocritatem mea, ut sea assentior consectetuer signiferumque.Ex vel ubique fastidii reformidans, nam tale corrumpit quaerendum ad. Ei mea rebum commodo equidem, debitis albucius dignissim eu per. Justo harum sensibus id vel. Sea quando perpetua ea. Iusto homero insolens qui ad.Iuvaret invidunt suscipiantur ex his, eum id iusto fabulas persequeris, has no ignota mandamus. Vel evertitur gloriatur ad, quaeque alienum persequeris nec ad. Iriure singulis has ut. No aliquam consulatu mei, an vix dicat equidem facilisi. Primis dolorem cum no, ei mutat munere eos, aeterno appetere sit ea.Consul causae aeterno sit ex, ut mea tollit animal. Summo virtute deseruisse an sit, pro reque periculis temporibus ne. In recusabo mnesarchum instructior eam, duo nemore efficiantur in, magna offendit an vis. Nibh melius ceteros vim in. Tempor tacimates necessitatibus sit ne.Ne errem officiis duo. Usu virtute atomorum ad, viris veniam tamquam eos ex. Vivendum verterem ei sit, agam possim accumsan est ea. Nec latine eripuit suavitate te, quidam accusam an vim, per aeque salutandi eu.                                                                                                '),
(10, 'Lorem ipsum dolor sit amet', 'Sep-15-2018 17:31:30', 'World', 'Hassan', '1014_15-expat-family-travel-hacks-large.jpg', 'Lorem ipsum dolor sit amet, invenire rationibus mnesarchum no usu, ea quod vero mediocrem usu. Liber mucius dictas sed ei, ne has audire lobortis, pro ad sale nullam. Quod argumentum est ut, nulla nostro imperdiet vis ea. Te enim inani mediocritatem mea, ut sea assentior consectetuer signiferumque.Ex vel ubique fastidii reformidans, nam tale corrumpit quaerendum ad. Ei mea rebum commodo equidem, debitis albucius dignissim eu per. Justo harum sensibus id vel. Sea quando perpetua ea. Iusto homero insolens qui ad.Iuvaret invidunt suscipiantur ex his, eum id iusto fabulas persequeris, has no ignota mandamus. Vel evertitur gloriatur ad, quaeque alienum persequeris nec ad. Iriure singulis has ut. No aliquam consulatu mei, an vix dicat equidem facilisi. Primis dolorem cum no, ei mutat munere eos, aeterno appetere sit ea.Consul causae aeterno sit ex, ut mea tollit animal. Summo virtute deseruisse an sit, pro reque periculis temporibus ne. In recusabo mnesarchum instructior eam, duo nemore efficiantur in, magna offendit an vis. Nibh melius ceteros vim in. Tempor tacimates necessitatibus sit ne.Ne errem officiis duo. Usu virtute atomorum ad, viris veniam tamquam eos ex. Vivendum verterem ei sit, agam possim accumsan est ea. Nec latine eripuit suavitate te, quidam accusam an vim, per aeque salutandi eu.'),
(11, 'Lorem ipsum dolor sit amet', 'Sep-15-2018 17:22:00', 'Technology', 'Hassan', 'datacenter_thumb_800x450_002.jpg', 'Lorem ipsum dolor sit amet, invenire rationibus mnesarchum no usu, ea quod vero mediocrem usu. Liber mucius dictas sed ei, ne has audire lobortis, pro ad sale nullam. Quod argumentum est ut, nulla nostro imperdiet vis ea. Te enim inani mediocritatem mea, ut sea assentior consectetuer signiferumque.Ex vel ubique fastidii reformidans, nam tale corrumpit quaerendum ad. Ei mea rebum commodo equidem, debitis albucius dignissim eu per. Justo harum sensibus id vel. Sea quando perpetua ea. Iusto homero insolens qui ad.Iuvaret invidunt suscipiantur ex his, eum id iusto fabulas persequeris, has no ignota mandamus. Vel evertitur gloriatur ad, quaeque alienum persequeris nec ad. Iriure singulis has ut. No aliquam consulatu mei, an vix dicat equidem facilisi. Primis dolorem cum no, ei mutat munere eos, aeterno appetere sit ea.Consul causae aeterno sit ex, ut mea tollit animal. Summo virtute deseruisse an sit, pro reque periculis temporibus ne. In recusabo mnesarchum instructior eam, duo nemore efficiantur in, magna offendit an vis. Nibh melius ceteros vim in. Tempor tacimates necessitatibus sit ne.Ne errem officiis duo. Usu virtute atomorum ad, viris veniam tamquam eos ex. Vivendum verterem ei sit, agam possim accumsan est ea. Nec latine eripuit suavitate te, quidam accusam an vim, per aeque salutandi eu.'),
(12, 'Lorem ipsum dolor sit amet', 'Sep-15-2018 17:23:38', 'Politics', 'Hassan', 'politics.jpg', 'Lorem ipsum dolor sit amet, invenire rationibus mnesarchum no usu, ea quod vero mediocrem usu. Liber mucius dictas sed ei, ne has audire lobortis, pro ad sale nullam. Quod argumentum est ut, nulla nostro imperdiet vis ea. Te enim inani mediocritatem mea, ut sea assentior consectetuer signiferumque.Ex vel ubique fastidii reformidans, nam tale corrumpit quaerendum ad. Ei mea rebum commodo equidem, debitis albucius dignissim eu per. Justo harum sensibus id vel. Sea quando perpetua ea. Iusto homero insolens qui ad.Iuvaret invidunt suscipiantur ex his, eum id iusto fabulas persequeris, has no ignota mandamus. Vel evertitur gloriatur ad, quaeque alienum persequeris nec ad. Iriure singulis has ut. No aliquam consulatu mei, an vix dicat equidem facilisi. Primis dolorem cum no, ei mutat munere eos, aeterno appetere sit ea.Consul causae aeterno sit ex, ut mea tollit animal. Summo virtute deseruisse an sit, pro reque periculis temporibus ne. In recusabo mnesarchum instructior eam, duo nemore efficiantur in, magna offendit an vis. Nibh melius ceteros vim in. Tempor tacimates necessitatibus sit ne.Ne errem officiis duo. Usu virtute atomorum ad, viris veniam tamquam eos ex. Vivendum verterem ei sit, agam possim accumsan est ea. Nec latine eripuit suavitate te, quidam accusam an vim, per aeque salutandi eu.'),
(13, 'Lorem ipsum dolor sit amet', 'Sep-15-2018 17:25:02', 'Health', 'Hassan', '1528307634-health-science-mandatory-subject-5.jpg', 'Lorem ipsum dolor sit amet, invenire rationibus mnesarchum no usu, ea quod vero mediocrem usu. Liber mucius dictas sed ei, ne has audire lobortis, pro ad sale nullam. Quod argumentum est ut, nulla nostro imperdiet vis ea. Te enim inani mediocritatem mea, ut sea assentior consectetuer signiferumque.Ex vel ubique fastidii reformidans, nam tale corrumpit quaerendum ad. Ei mea rebum commodo equidem, debitis albucius dignissim eu per. Justo harum sensibus id vel. Sea quando perpetua ea. Iusto homero insolens qui ad.Iuvaret invidunt suscipiantur ex his, eum id iusto fabulas persequeris, has no ignota mandamus. Vel evertitur gloriatur ad, quaeque alienum persequeris nec ad. Iriure singulis has ut. No aliquam consulatu mei, an vix dicat equidem facilisi. Primis dolorem cum no, ei mutat munere eos, aeterno appetere sit ea.Consul causae aeterno sit ex, ut mea tollit animal. Summo virtute deseruisse an sit, pro reque periculis temporibus ne. In recusabo mnesarchum instructior eam, duo nemore efficiantur in, magna offendit an vis. Nibh melius ceteros vim in. Tempor tacimates necessitatibus sit ne.Ne errem officiis duo. Usu virtute atomorum ad, viris veniam tamquam eos ex. Vivendum verterem ei sit, agam possim accumsan est ea. Nec latine eripuit suavitate te, quidam accusam an vim, per aeque salutandi eu.'),
(14, 'Lorem ipsum dolor sit amet', 'Sep-15-2018 17:27:18', 'Science', 'Hassan', 'science-onward-journey_v3-1.png', 'Lorem ipsum dolor sit amet, invenire rationibus mnesarchum no usu, ea quod vero mediocrem usu. Liber mucius dictas sed ei, ne has audire lobortis, pro ad sale nullam. Quod argumentum est ut, nulla nostro imperdiet vis ea. Te enim inani mediocritatem mea, ut sea assentior consectetuer signiferumque.Ex vel ubique fastidii reformidans, nam tale corrumpit quaerendum ad. Ei mea rebum commodo equidem, debitis albucius dignissim eu per. Justo harum sensibus id vel. Sea quando perpetua ea. Iusto homero insolens qui ad.Iuvaret invidunt suscipiantur ex his, eum id iusto fabulas persequeris, has no ignota mandamus. Vel evertitur gloriatur ad, quaeque alienum persequeris nec ad. Iriure singulis has ut. No aliquam consulatu mei, an vix dicat equidem facilisi. Primis dolorem cum no, ei mutat munere eos, aeterno appetere sit ea.Consul causae aeterno sit ex, ut mea tollit animal. Summo virtute deseruisse an sit, pro reque periculis temporibus ne. In recusabo mnesarchum instructior eam, duo nemore efficiantur in, magna offendit an vis. Nibh melius ceteros vim in. Tempor tacimates necessitatibus sit ne.Ne errem officiis duo. Usu virtute atomorum ad, viris veniam tamquam eos ex. Vivendum verterem ei sit, agam possim accumsan est ea. Nec latine eripuit suavitate te, quidam accusam an vim, per aeque salutandi eu.'),
(15, 'Lorem ipsum dolor sit amet', 'Sep-15-2018 17:31:30', 'World', 'Hassan', '1014_15-expat-family-travel-hacks-large.jpg', 'Lorem ipsum dolor sit amet, invenire rationibus mnesarchum no usu, ea quod vero mediocrem usu. Liber mucius dictas sed ei, ne has audire lobortis, pro ad sale nullam. Quod argumentum est ut, nulla nostro imperdiet vis ea. Te enim inani mediocritatem mea, ut sea assentior consectetuer signiferumque.Ex vel ubique fastidii reformidans, nam tale corrumpit quaerendum ad. Ei mea rebum commodo equidem, debitis albucius dignissim eu per. Justo harum sensibus id vel. Sea quando perpetua ea. Iusto homero insolens qui ad.Iuvaret invidunt suscipiantur ex his, eum id iusto fabulas persequeris, has no ignota mandamus. Vel evertitur gloriatur ad, quaeque alienum persequeris nec ad. Iriure singulis has ut. No aliquam consulatu mei, an vix dicat equidem facilisi. Primis dolorem cum no, ei mutat munere eos, aeterno appetere sit ea.Consul causae aeterno sit ex, ut mea tollit animal. Summo virtute deseruisse an sit, pro reque periculis temporibus ne. In recusabo mnesarchum instructior eam, duo nemore efficiantur in, magna offendit an vis. Nibh melius ceteros vim in. Tempor tacimates necessitatibus sit ne.Ne errem officiis duo. Usu virtute atomorum ad, viris veniam tamquam eos ex. Vivendum verterem ei sit, agam possim accumsan est ea. Nec latine eripuit suavitate te, quidam accusam an vim, per aeque salutandi eu.'),
(16, 'Lorem ipsum dolor sit amet', 'Sep-15-2018 17:25:02', 'Health', 'Hassan', '1528307634-health-science-mandatory-subject-5.jpg', 'Lorem ipsum dolor sit amet, invenire rationibus mnesarchum no usu, ea quod vero mediocrem usu. Liber mucius dictas sed ei, ne has audire lobortis, pro ad sale nullam. Quod argumentum est ut, nulla nostro imperdiet vis ea. Te enim inani mediocritatem mea, ut sea assentior consectetuer signiferumque.Ex vel ubique fastidii reformidans, nam tale corrumpit quaerendum ad. Ei mea rebum commodo equidem, debitis albucius dignissim eu per. Justo harum sensibus id vel. Sea quando perpetua ea. Iusto homero insolens qui ad.Iuvaret invidunt suscipiantur ex his, eum id iusto fabulas persequeris, has no ignota mandamus. Vel evertitur gloriatur ad, quaeque alienum persequeris nec ad. Iriure singulis has ut. No aliquam consulatu mei, an vix dicat equidem facilisi. Primis dolorem cum no, ei mutat munere eos, aeterno appetere sit ea.Consul causae aeterno sit ex, ut mea tollit animal. Summo virtute deseruisse an sit, pro reque periculis temporibus ne. In recusabo mnesarchum instructior eam, duo nemore efficiantur in, magna offendit an vis. Nibh melius ceteros vim in. Tempor tacimates necessitatibus sit ne.Ne errem officiis duo. Usu virtute atomorum ad, viris veniam tamquam eos ex. Vivendum verterem ei sit, agam possim accumsan est ea. Nec latine eripuit suavitate te, quidam accusam an vim, per aeque salutandi eu.'),
(17, 'Lorem ipsum dolor sit amet', 'Sep-15-2018 17:27:18', 'Science', 'Hassan', 'science-onward-journey_v3-1.png', 'Lorem ipsum dolor sit amet, invenire rationibus mnesarchum no usu, ea quod vero mediocrem usu. Liber mucius dictas sed ei, ne has audire lobortis, pro ad sale nullam. Quod argumentum est ut, nulla nostro imperdiet vis ea. Te enim inani mediocritatem mea, ut sea assentior consectetuer signiferumque.Ex vel ubique fastidii reformidans, nam tale corrumpit quaerendum ad. Ei mea rebum commodo equidem, debitis albucius dignissim eu per. Justo harum sensibus id vel. Sea quando perpetua ea. Iusto homero insolens qui ad.Iuvaret invidunt suscipiantur ex his, eum id iusto fabulas persequeris, has no ignota mandamus. Vel evertitur gloriatur ad, quaeque alienum persequeris nec ad. Iriure singulis has ut. No aliquam consulatu mei, an vix dicat equidem facilisi. Primis dolorem cum no, ei mutat munere eos, aeterno appetere sit ea.Consul causae aeterno sit ex, ut mea tollit animal. Summo virtute deseruisse an sit, pro reque periculis temporibus ne. In recusabo mnesarchum instructior eam, duo nemore efficiantur in, magna offendit an vis. Nibh melius ceteros vim in. Tempor tacimates necessitatibus sit ne.Ne errem officiis duo. Usu virtute atomorum ad, viris veniam tamquam eos ex. Vivendum verterem ei sit, agam possim accumsan est ea. Nec latine eripuit suavitate te, quidam accusam an vim, per aeque salutandi eu.'),
(18, 'Lorem ipsum dolor sit amet', 'Sep-15-2018 17:31:30', 'World', 'Hassan', '1014_15-expat-family-travel-hacks-large.jpg', 'Lorem ipsum dolor sit amet, invenire rationibus mnesarchum no usu, ea quod vero mediocrem usu. Liber mucius dictas sed ei, ne has audire lobortis, pro ad sale nullam. Quod argumentum est ut, nulla nostro imperdiet vis ea. Te enim inani mediocritatem mea, ut sea assentior consectetuer signiferumque.Ex vel ubique fastidii reformidans, nam tale corrumpit quaerendum ad. Ei mea rebum commodo equidem, debitis albucius dignissim eu per. Justo harum sensibus id vel. Sea quando perpetua ea. Iusto homero insolens qui ad.Iuvaret invidunt suscipiantur ex his, eum id iusto fabulas persequeris, has no ignota mandamus. Vel evertitur gloriatur ad, quaeque alienum persequeris nec ad. Iriure singulis has ut. No aliquam consulatu mei, an vix dicat equidem facilisi. Primis dolorem cum no, ei mutat munere eos, aeterno appetere sit ea.Consul causae aeterno sit ex, ut mea tollit animal. Summo virtute deseruisse an sit, pro reque periculis temporibus ne. In recusabo mnesarchum instructior eam, duo nemore efficiantur in, magna offendit an vis. Nibh melius ceteros vim in. Tempor tacimates necessitatibus sit ne.Ne errem officiis duo. Usu virtute atomorum ad, viris veniam tamquam eos ex. Vivendum verterem ei sit, agam possim accumsan est ea. Nec latine eripuit suavitate te, quidam accusam an vim, per aeque salutandi eu.'),
(19, 'Lorem ipsum dolor sit amet', 'Sep-15-2018 17:23:38', 'Politics', 'Hassan', 'politics.jpg', 'Lorem ipsum dolor sit amet, invenire rationibus mnesarchum no usu, ea quod vero mediocrem usu. Liber mucius dictas sed ei, ne has audire lobortis, pro ad sale nullam. Quod argumentum est ut, nulla nostro imperdiet vis ea. Te enim inani mediocritatem mea, ut sea assentior consectetuer signiferumque.Ex vel ubique fastidii reformidans, nam tale corrumpit quaerendum ad. Ei mea rebum commodo equidem, debitis albucius dignissim eu per. Justo harum sensibus id vel. Sea quando perpetua ea. Iusto homero insolens qui ad.Iuvaret invidunt suscipiantur ex his, eum id iusto fabulas persequeris, has no ignota mandamus. Vel evertitur gloriatur ad, quaeque alienum persequeris nec ad. Iriure singulis has ut. No aliquam consulatu mei, an vix dicat equidem facilisi. Primis dolorem cum no, ei mutat munere eos, aeterno appetere sit ea.Consul causae aeterno sit ex, ut mea tollit animal. Summo virtute deseruisse an sit, pro reque periculis temporibus ne. In recusabo mnesarchum instructior eam, duo nemore efficiantur in, magna offendit an vis. Nibh melius ceteros vim in. Tempor tacimates necessitatibus sit ne.Ne errem officiis duo. Usu virtute atomorum ad, viris veniam tamquam eos ex. Vivendum verterem ei sit, agam possim accumsan est ea. Nec latine eripuit suavitate te, quidam accusam an vim, per aeque salutandi eu.'),
(20, 'Lorem ipsum dolor sit amet', 'Sep-15-2018 17:27:18', 'Science', 'Hassan', 'science-onward-journey_v3-1.png', 'Lorem ipsum dolor sit amet, invenire rationibus mnesarchum no usu, ea quod vero mediocrem usu. Liber mucius dictas sed ei, ne has audire lobortis, pro ad sale nullam. Quod argumentum est ut, nulla nostro imperdiet vis ea. Te enim inani mediocritatem mea, ut sea assentior consectetuer signiferumque.Ex vel ubique fastidii reformidans, nam tale corrumpit quaerendum ad. Ei mea rebum commodo equidem, debitis albucius dignissim eu per. Justo harum sensibus id vel. Sea quando perpetua ea. Iusto homero insolens qui ad.Iuvaret invidunt suscipiantur ex his, eum id iusto fabulas persequeris, has no ignota mandamus. Vel evertitur gloriatur ad, quaeque alienum persequeris nec ad. Iriure singulis has ut. No aliquam consulatu mei, an vix dicat equidem facilisi. Primis dolorem cum no, ei mutat munere eos, aeterno appetere sit ea.Consul causae aeterno sit ex, ut mea tollit animal. Summo virtute deseruisse an sit, pro reque periculis temporibus ne. In recusabo mnesarchum instructior eam, duo nemore efficiantur in, magna offendit an vis. Nibh melius ceteros vim in. Tempor tacimates necessitatibus sit ne.Ne errem officiis duo. Usu virtute atomorum ad, viris veniam tamquam eos ex. Vivendum verterem ei sit, agam possim accumsan est ea. Nec latine eripuit suavitate te, quidam accusam an vim, per aeque salutandi eu.'),
(21, 'Lorem ipsum dolor sit amet', 'Sep-15-2018 17:22:00', 'Technology', 'Hassan', 'datacenter_thumb_800x450_002.jpg', 'Lorem ipsum dolor sit amet, invenire rationibus mnesarchum no usu, ea quod vero mediocrem usu. Liber mucius dictas sed ei, ne has audire lobortis, pro ad sale nullam. Quod argumentum est ut, nulla nostro imperdiet vis ea. Te enim inani mediocritatem mea, ut sea assentior consectetuer signiferumque.Ex vel ubique fastidii reformidans, nam tale corrumpit quaerendum ad. Ei mea rebum commodo equidem, debitis albucius dignissim eu per. Justo harum sensibus id vel. Sea quando perpetua ea. Iusto homero insolens qui ad.Iuvaret invidunt suscipiantur ex his, eum id iusto fabulas persequeris, has no ignota mandamus. Vel evertitur gloriatur ad, quaeque alienum persequeris nec ad. Iriure singulis has ut. No aliquam consulatu mei, an vix dicat equidem facilisi. Primis dolorem cum no, ei mutat munere eos, aeterno appetere sit ea.Consul causae aeterno sit ex, ut mea tollit animal. Summo virtute deseruisse an sit, pro reque periculis temporibus ne. In recusabo mnesarchum instructior eam, duo nemore efficiantur in, magna offendit an vis. Nibh melius ceteros vim in. Tempor tacimates necessitatibus sit ne.Ne errem officiis duo. Usu virtute atomorum ad, viris veniam tamquam eos ex. Vivendum verterem ei sit, agam possim accumsan est ea. Nec latine eripuit suavitate te, quidam accusam an vim, per aeque salutandi eu.'),
(22, 'Mạng xã hội Facebook sắp đổi tên', 'Sep-15-2021 17:22:24', 'Technology', 'Thành', 'id22.jpg', '	<p>\r\n		Trang tin công nghệ The Verge tiết lộ Facebook dự kiến sẽ tái cấu trúc thương hiệu với tên mới vào tuần sau, trong bối cảnh mạng này đang tập trung vào ‘siêu vũ trụ’ metaverse.\r\n	</p>\r\n\r\n\r\n	<img src=\"https://cdn.tuoitre.vn/thumb_w/586/2021/10/20/2021-10-20t024437z183080926rc2edq9jkmx3rtrmadp3facebook-rebrand-1634703855474354727695.jpg\" style=\"width: 700px;\">\r\n	<p>\r\n		Ngày 19-10, trang tin công nghệ này dẫn các nguồn tin nói rằng nhà sáng lập Facebook Mark Zuckerberg chuẩn bị nói về việc đổi tên công ty tại hội thảo thường niên Connect diễn ra vào ngày 28-10, hoặc sớm hơn.\r\n	</p>\r\n\r\n	<p>\r\n		Việc tái cấu trúc thương hiệu (rebrand) sẽ đưa ứng dụng Facebook có màu xanh lam quen thuộc này trở thành một sản phẩm của công ty mẹ cùng với Instagram, WhatsApp, Oculus…\r\n	</p>\r\n\r\n	<p>\r\n		Thông tin này xuất hiện ngay sau khi Facebook thông báo tuyển 10.000 nhân viên tại châu Âu trong 5 năm tới để xây dựng metaverse, một phiên bản thực tế ảo của Internet mà mạng xã hội này coi là tương lai. \r\n	</p>\r\n\r\n	<p>\r\n		Trước đó, tháng 7-2021, ông Zuckerberg cũng nói trong vài năm tới Facebook \"sẽ chuyển từ một công ty mạng xã hội như mọi người đang thấy thành một công ty metaverse\".\r\n	</p>\r\n\r\n	<p>\r\n		Theo Facebook, metaverse là một tập hợp các không gian ảo cho phép người dùng tạo và tham gia nhiều hoạt động như đi chơi, làm việc, mua sắm… Có thể coi metaverse như một phiên bản thực tế ảo của Internet - nơi thay vì chỉ xem nội dung, người dùng sẽ \"sống\" trong môi trường đồ họa không gian thực thông qua các thế thân ảo.\r\n	</p>\r\n\r\n	<p>\r\n		Mạng xã hội lớn nhất thế giới này cũng đầu tư mạnh vào công nghệ thực tế ảo (VR) và thực tế ảo tăng cường (AR) để kết nối hơn 3 tỉ người dùng của mình thông qua nhiều thiết bị, ứng dụng.\r\n	</p>\r\n\r\n	<p>\r\n		Facebook từ chối bình luận về \"đồn đoán\" đổi tên. Tuy nhiên, dù thông tin này xác thực, Facebook cũng không phải là công ty đầu tiên ở Thung lũng Silicon thay đổi thương hiệu để phát triển.\r\n	</p>'),
(23, 'TGDD mở hẳn chuỗi mới để giao iPhone 13', 'Sep-15-2021 17:24:14', 'Business', 'Thành', 'id23.jpg', '	<p>\r\n		Ngày 22-10, Thế Giới Di Động khai trương 4 cửa hàng TopZone đầu tiên vào đúng ngày giao iPhone 13 tại Việt Nam.\r\n	</p>\r\n\r\n\r\n	<img src=\"https://cdn.tuoitre.vn/thumb_w/586/2021/10/25/photo-1-16351577271042007099487.jpg\" style=\"width: 700px;\">\r\n	<p>\r\n		Đây là mô hình cửa hàng ủy quyền ở cấp độ cao nhất của Apple tại Việt Nam, chuyên kinh doanh các sản phẩm như iPhone, iPad, iMac, Macbook, Apple Watch và các phụ kiện chính hãng khác.\r\n	</p>\r\n\r\n	<p>\r\n		\"Trong khoảng thời gian vừa qua, Việt Nam bị tác động khá nặng nề bởi COVID-19 và Thế Giới Di Động cũng không nằm ngoài vòng xoáy đó. Nhờ vậy, chúng tôi có cơ hội đi chậm lại, suy nghĩ về những kế hoạch và chiến lược giúp Thế Giới Di Động phát triển hơn trong tương lai. Và TopZone ra đời trong hoàn cảnh đó\", ông Hiểu Em - CEO chuỗi Thế giới Di Động và Điện máy Xanh, chia sẻ về quá trình ấp ủ chuỗi mới.\r\n	</p>\r\n\r\n	<p>\r\n		Từ đầu tháng 8, đội ngũ của nhà bán lẻ này đã bắt đầu liên hệ để làm việc với Apple. Khối lượng công việc khổng lồ, đòi hỏi đội ngũ của cả hai bên phải làm việc gần như xuyên suốt mùa dịch.\r\n	</p>\r\n\r\n	<p>\r\n		Đơn cử, tìm được một mặt bằng thỏa mãn điều kiện của Apple không phải dễ dàng. Thế nhưng trong trường hợp này, Thế Giới Di Động cùng lúc phải tìm kiếm 4 mặt bằng như thế và mục tiêu hình thành chuỗi với 60 cửa hàng tương tự trong nửa cuối năm.\r\n	</p>\r\n\r\n	<img src=\"https://cdn.tuoitre.vn/thumb_w/586/2021/10/25/photo-1-16351577296581277569084.jpg\" style=\"width: 700px;\">\r\n	\r\n	<p>\r\n		Lãnh đạo nhà bán lẻ điện thoại hàng đầu Việt Nam đặt ra yêu cầu cấp thiết là phải mở chuỗi bằng được vào đúng thời điểm mở bán iPhone 13 tại thị trường Việt Nam. Bởi lẽ, ngoài ý nghĩa biểu tượng, khách hàng đến nhận iPhone 13 cũng sẽ được lần đầu trải nghiệm không gian mua sắm đẳng cấp chuẩn Apple ngay tại Việt Nam.\r\n	</p>\r\n\r\n	<p>\r\n		Trải nghiệm \"gần Apple Store\" tại TopZone\r\n	</p>\r\n\r\n	<p>\r\n		TopZone có mọi thứ mà một iFan cần. Tại đây, người tiêu dùng có thể tìm thấy tất cả các sản phẩm mà Apple kinh doanh từ iPhone, Macbook… tới phụ kiện. Danh mục sản phẩm đa dạng.\r\n	</p>'),
(24, 'Sự sụp đổ của kỷ nguyên ảo tưởng', 'Sep-15-2021 17:25:16', 'Sport', 'Thành', 'id24.jpg', '	<p>\r\n		\"Nhà hát của những giấc mơ\" luôn là một cái tên đẹp. Nhưng sau thảm bại kinh hoàng 0-5 của M.U trước Liverpool, giờ đây nó trở thành biểu tượng cho cội rễ của mọi vấn đề ở Old Trafford: sự ảo tưởng.\r\n	</p>\r\n\r\n\r\n	<img src=\"https://cdn.tuoitre.vn/thumb_w/586/2021/10/25/ronaldo-ngay-25-10-4read-only-1635174069997795066233.jpg\" style=\"width: 700px;\">\r\n	<p>\r\n		Vài năm qua, cộng đồng người hâm mộ M.U được chia làm 2 nửa về cách nhìn nhận vấn đề khi đội nhà thua trận. Một bên đổ lỗi cho sự yếu kém của HLV, một bên đổ lỗi cho trình độ và thái độ của các cầu thủ.\r\n\r\n		Những người bênh vực Solskjaer đưa ra lập luận: đang trong giai đoạn tái thiết nên M.U không cần đến những HLV ngôi sao. Thay vào đó, một cựu danh thủ như Solskjaer được ban lãnh đạo và người hâm mộ yêu mến sẽ phù hợp hơn. Nhưng đó chỉ là sự ảo tưởng. M.U có truyền thống và tài lực hùng mạnh nên sức ép cũng cực kỳ lớn. Ba năm là quãng thời gian quá dài dành cho Solskjaer, trong khi những đội bóng lớn như M.U luôn đòi hỏi danh hiệu từng mùa.\r\n\r\n		M.U có đội hình đắt giá thứ nhì Premier League (hơn 900 triệu euro, chỉ kém đội hình 1 tỉ euro của Man City) và là đội thực chi nhiều nhất cho thị trường chuyển nhượng trong vòng 5 năm qua. Nhưng với màn trình diễn của Harry Maguire (M.U chi ra 87 triệu euro để mua anh), Jadon Sancho (85 triệu euro), Fred (59 triệu euro)..., có thể hiểu vì sao M.U được kỳ vọng nhiều nhưng hiệu quả chẳng được bao nhiêu.\r\n	</p>\r\n\r\n	<p>\r\n		Ngay thương vụ Ronaldo cũng vậy. M.U trả cho Juventus 15 triệu euro và một bản hợp đồng trị giá hơn trăm triệu euro dành cho Ronaldo. Forbes cho biết chỉ trong mùa giải này, Ronaldo nhận đến 107 triệu euro gồm 60 triệu euro tiền lương và còn lại là tiền thưởng. Với khoản chi cho Ronaldo, Liverpool đã mua được Salah, Mane lẫn Firmino.\r\n	</p>\r\n\r\n	<p>\r\n		Cứ thế, M.U dần trở thành nạn nhân của những ảo tưởng mà truyền thông tạo ra và người hâm mộ đòi hỏi. Như thương vụ Ronaldo, M.U chỉ nhảy vào cuộc vì CĐV nhà giận dữ trước tin đồn Man City chiêu mộ CR7. Tiếp theo vì Ronaldo, Mason Greenwood phải dạt sang cánh phải, Sancho được kéo sang cánh trái - vị trí của Rashford. Dù vẫn ghi bàn đều đặn nhưng chi phí quá đắt đỏ và những xáo trộn từ Ronaldo có phải là một cái giá quá đắt?\r\n	</p>\r\n\r\n	<p>\r\n		Một HLV được tin dùng quá mức nhờ cảm tình từ thuở còn chơi bóng, những cầu thủ được thổi phồng nhờ hiệu ứng truyền thông, và những cảm xúc thỏa mãn nhất thời từ các trận thắng may mắn đã biến những giấc mơ của M.U trở thành cơn ác mộng.\r\n	</p>'),
(25, '53 giờ trốn chạy của nghi phạm thảm sát', 'Sep-15-2021 17:52:59', 'Politics', 'Thành', 'id25.jpg', '<p>\r\n		Công an tỉnh Lào Cai cho biết nghi phạm Trần Văn Hiếu (47 tuổi) dùng dao giết 3 người ở Bắc Giang, ban đầu chạy trốn theo hướng Hà Nội nhưng sau đó đi ngược lên Lào Cai.\r\n	</p>\r\n\r\n\r\n	<img src=\"https://cdn.tuoitre.vn/2021/10/25/ca-lc-16351233562201310887058.jpg\" style=\"width: 700px;>\r\n	<p>\r\n		Theo Công an tỉnh Lào Cai, Trần Văn Hiếu (47 tuổi) bị bắt lúc 17h chiều 24-10. Hiếu được xác định có hộ khẩu thường trú ở thôn Pò Đứa, xã Mai Pha, TP Lạng Sơn, tỉnh Lạng Sơn và tạm trú tại thôn Tuấn Mỹ, xã Tân Thanh, huyện Lạng Giang, Bắc Giang.\r\n\r\n		Trước đó, lãnh đạo Công an huyện Lạng Giang xác nhận với Tuổi Trẻ Online, Hiếu đã bị lực lượng chức năng bắt giữ vào chiều 24-10. Công an tỉnh Bắc Giang xác định Hiếu chạy trốn trong 53 giờ, còn Công an tỉnh Lào Cai xác nhận thời gian truy bắt sau khi phát lệnh truy nã là gần 20 giờ. \r\n\r\n		Cơ quan công an xác định nghi phạm Hiếu dùng dao sát hại 3 người thân trong gia đình gồm: ông Trần Đình Luật (bố Hiếu), bà Bùi Thị Thoa (mẹ Hiếu) và chị Trần Thị Thảo (em của Hiếu) vào ngày 22-10. Sau khi gây án, Hiếu bỏ trốn khỏi hiện trường bằng xe máy. \r\n	</p>\r\n\r\n	<p>\r\n		Ngày 24-10, Công an tỉnh Bắc Giang đã ra quyết định truy nã đặc biệt Trần Văn Hiếu trên toàn quốc về tội \"giết người\" và phối hợp công an các tỉnh thành phố để truy bắt.\r\n\r\n		Lực lượng trinh sát thuộc Công an huyện Bảo Yên (tỉnh Lào Cai) và Phòng Cảnh sát hình sự Công an tỉnh Lào Cai phát hiện và bắt giữ Hiếu khi người này đang di chuyển tới địa phận Bản Bùn 3, xã Bảo Hà, huyện Bảo Yên.\r\n	</p>\r\n\r\n	<p>\r\n		Qua khai thác, Trần Văn Hiếu đã khai nhận toàn bộ hành vi giết 3 người vào ngày 22-10 tại thôn Tuấn Mỹ, xã Tân Thanh, huyện Lạng Giang, tỉnh Bắc Giang.\r\n	</p>\r\n\r\n	<p>\r\n		Cụ thể, vào khoảng 7h sáng 22-10, Hiếu đang ở nhà bố mẹ đẻ thì em gái là Trần Thị Thảo sang chơi. Do mâu thuẫn cá nhân từ trước nên hai anh em xảy ra cãi vã. Hiếu liền cầm con dao dài 60cm ở đống củi trước nhà lao tới chém nhiều nhát khiến chị Thảo tử vong tại chỗ.\r\n	</p>\r\n\r\n	<p>\r\n		Một lúc sau, bà Bùi Thị Thoa (mẹ Hiếu) về nhà và xảy ra cãi vã với Hiếu. Hiếu tiếp tục dùng dao chém tử vong bà Thoa. Sau đó, Hiếu dùng bao tải phủ lên người nạn nhân rồi vào nhà ngồi. Trưa cùng ngày, bố đẻ Hiếu là ông Trần Đình Luật cũng bị con trai chém tử vong khi vừa về tới sân nhà.\r\n	</p>\r\n\r\n	<p>\r\n		Sau khi gây án, Hiếu chạy xe máy bỏ trốn theo hướng Hà Nội. Tuy nhiên giữa đường, Hiếu lại nảy sinh ý định bỏ trốn lên Lào Cai do trước đây có thời gian làm thuê trên địa bàn huyện Văn Bàn, tỉnh Lào Cai. \r\n	</p>\r\n\r\n	<p>\r\n		Đến địa phận xã Bảo Hà, huyện Bảo Yên, Hiếu bị phát hiện, bắt giữ cùng chiếc xe máy và một số tang vật liên quan.\r\n	</p>\r\n\r\n	<p>\r\n		Cơ quan chức năng xác định Hiếu đã có một tiền án về tội cố ý gây thương tích và vừa chấp hành xong án phạt tù ngày 13-10.\r\n	</p>');

--
-- Indexes for dumped tables
--

--
-- Indexes for table `admins`
--
ALTER TABLE `admins`
  ADD PRIMARY KEY (`id`);

--
-- Indexes for table `category`
--
ALTER TABLE `category`
  ADD PRIMARY KEY (`category`),
  ADD UNIQUE KEY `category_2` (`category`),
  ADD KEY `category` (`category`);

--
-- Indexes for table `comments`
--
ALTER TABLE `comments`
  ADD PRIMARY KEY (`id`),
  ADD KEY `postID` (`postID`),
  ADD KEY `postID_2` (`postID`),
  ADD KEY `status` (`status`),
  ADD KEY `postID_3` (`postID`);

--
-- Indexes for table `posts`
--
ALTER TABLE `posts`
  ADD PRIMARY KEY (`id`),
  ADD KEY `category` (`category`);

--
-- AUTO_INCREMENT for dumped tables
--

--
-- AUTO_INCREMENT for table `admins`
--
ALTER TABLE `admins`
  MODIFY `id` int(10) NOT NULL AUTO_INCREMENT, AUTO_INCREMENT=2;

--
-- AUTO_INCREMENT for table `comments`
--
ALTER TABLE `comments`
  MODIFY `id` int(10) NOT NULL AUTO_INCREMENT, AUTO_INCREMENT=4;

--
-- AUTO_INCREMENT for table `posts`
--
ALTER TABLE `posts`
  MODIFY `id` int(10) NOT NULL AUTO_INCREMENT, AUTO_INCREMENT=32;

--
-- Constraints for dumped tables
--

--
-- Constraints for table `comments`
--
ALTER TABLE `comments`
  ADD CONSTRAINT `comments_ibfk_1` FOREIGN KEY (`postID`) REFERENCES `posts` (`id`);

--
-- Constraints for table `posts`
--
ALTER TABLE `posts`
  ADD CONSTRAINT `posts_ibfk_1` FOREIGN KEY (`category`) REFERENCES `category` (`category`);
COMMIT;

/*!40101 SET CHARACTER_SET_CLIENT=@OLD_CHARACTER_SET_CLIENT */;
/*!40101 SET CHARACTER_SET_RESULTS=@OLD_CHARACTER_SET_RESULTS */;
/*!40101 SET COLLATION_CONNECTION=@OLD_COLLATION_CONNECTION */;
